"filename", "language", "JavaScript", "JSON", "Markdown", "PowerShell", "Docker", "Shell Script", "HTML", "CSS", "Batch", "YAML", "comment", "blank", "total"
"d:\Projects\Advenro\Advenro\CONTRIBUTING.md", "Markdown", 0, 0, 66, 0, 0, 0, 0, 0, 0, 0, 0, 27, 93
"d:\Projects\Advenro\Advenro\DEPLOYMENT-GUIDE.md", "Markdown", 0, 0, 199, 0, 0, 0, 0, 0, 0, 0, 0, 54, 253
"d:\Projects\Advenro\Advenro\DOCKER-DEPLOYMENT.md", "Markdown", 0, 0, 50, 0, 0, 0, 0, 0, 0, 0, 0, 21, 71
"d:\Projects\Advenro\Advenro\Dockerfile", "Docker", 0, 0, 0, 0, 7, 0, 0, 0, 0, 0, 4, 5, 16
"d:\Projects\Advenro\Advenro\MOCK-SERVER-README.md", "Markdown", 0, 0, 70, 0, 0, 0, 0, 0, 0, 0, 0, 41, 111
"d:\Projects\Advenro\Advenro\README-TESTING.md", "Markdown", 0, 0, 232, 0, 0, 0, 0, 0, 0, 0, 0, 79, 311
"d:\Projects\Advenro\Advenro\README.md", "Markdown", 0, 0, 331, 0, 0, 0, 0, 0, 0, 0, 0, 101, 432
"d:\Projects\Advenro\Advenro\TROUBLESHOOTING.md", "Markdown", 0, 0, 116, 0, 0, 0, 0, 0, 0, 0, 0, 42, 158
"d:\Projects\Advenro\Advenro\backup\html\src_client\about.html", "HTML", 0, 0, 0, 0, 0, 0, 247, 0, 0, 0, 17, 9, 273
"d:\Projects\Advenro\Advenro\backup\html\src_client\booking-confirmation.html", "HTML", 0, 0, 0, 0, 0, 0, 209, 0, 0, 0, 20, 12, 241
"d:\Projects\Advenro\Advenro\backup\html\src_client\contact.html", "HTML", 0, 0, 0, 0, 0, 0, 223, 0, 0, 0, 18, 8, 249
"d:\Projects\Advenro\Advenro\backup\html\src_client\dashboard.html", "HTML", 0, 0, 0, 0, 0, 0, 253, 0, 0, 0, 18, 11, 282
"d:\Projects\Advenro\Advenro\backup\html\src_client\deals.html", "HTML", 0, 0, 0, 0, 0, 0, 209, 0, 0, 0, 16, 9, 234
"d:\Projects\Advenro\Advenro\backup\html\src_client\destination-details.html", "HTML", 0, 0, 0, 0, 0, 0, 264, 0, 0, 0, 32, 19, 315
"d:\Projects\Advenro\Advenro\backup\html\src_client\destinations.html", "HTML", 0, 0, 0, 0, 0, 0, 167, 0, 0, 0, 22, 13, 202
"d:\Projects\Advenro\Advenro\backup\html\src_client\faq.html", "HTML", 0, 0, 0, 0, 0, 0, 358, 0, 0, 0, 17, 16, 391
"d:\Projects\Advenro\Advenro\backup\html\src_client\hotel-details.html", "HTML", 0, 0, 0, 0, 0, 0, 265, 0, 0, 0, 26, 14, 305
"d:\Projects\Advenro\Advenro\backup\html\src_client\hotels.html", "HTML", 0, 0, 0, 0, 0, 0, 261, 0, 0, 0, 25, 14, 300
"d:\Projects\Advenro\Advenro\backup\html\src_client\index.html", "HTML", 0, 0, 0, 0, 0, 0, 194, 0, 0, 0, 16, 8, 218
"d:\Projects\Advenro\Advenro\backup\html\src_client\login.html", "HTML", 0, 0, 0, 0, 0, 0, 143, 0, 0, 0, 10, 10, 163
"d:\Projects\Advenro\Advenro\backup\html\src_client\profile.html", "HTML", 0, 0, 0, 0, 0, 0, 117, 0, 0, 0, 3, 7, 127
"d:\Projects\Advenro\Advenro\backup\html\src_client\register.html", "HTML", 0, 0, 0, 0, 0, 0, 187, 0, 0, 0, 10, 14, 211
"d:\Projects\Advenro\Advenro\backup\html\src_client\reset-password.html", "HTML", 0, 0, 0, 0, 0, 0, 142, 0, 0, 0, 10, 9, 161
"d:\Projects\Advenro\Advenro\backup\html\src_client\terms.html", "HTML", 0, 0, 0, 0, 0, 0, 176, 0, 0, 0, 15, 24, 215
"d:\Projects\Advenro\Advenro\booking-proxy.js", "JavaScript", 392, 0, 0, 0, 0, 0, 0, 0, 0, 0, 37, 40, 469
"d:\Projects\Advenro\Advenro\demand-api.json", "JSON", 0, 13414, 0, 0, 0, 0, 0, 0, 0, 0, 0, 0, 13414
"d:\Projects\Advenro\Advenro\deploy.bat", "Batch", 0, 0, 0, 0, 0, 0, 0, 0, 9, 0, 0, 2, 11
"d:\Projects\Advenro\Advenro\deploy.sh", "Shell Script", 0, 0, 0, 0, 0, 10, 0, 0, 0, 0, 6, 5, 21
"d:\Projects\Advenro\Advenro\deployment\DEPLOYMENT-GUIDE.md", "Markdown", 0, 0, 199, 0, 0, 0, 0, 0, 0, 0, 0, 54, 253
"d:\Projects\Advenro\Advenro\deployment\README.md", "Markdown", 0, 0, 128, 0, 0, 0, 0, 0, 0, 0, 0, 42, 170
"d:\Projects\Advenro\Advenro\deployment\ecosystem.config.js", "JavaScript", 17, 0, 0, 0, 0, 0, 0, 0, 0, 0, 0, 0, 17
"d:\Projects\Advenro\Advenro\deployment\package.json", "JSON", 0, 87, 0, 0, 0, 0, 0, 0, 0, 0, 0, 1, 88
"d:\Projects\Advenro\Advenro\deployment\src\components\common\LoadingSpinner.css", "CSS", 0, 0, 0, 0, 0, 0, 0, 60, 0, 0, 3, 10, 73
"d:\Projects\Advenro\Advenro\deployment\src\components\common\Toast.css", "CSS", 0, 0, 0, 0, 0, 0, 0, 0, 0, 0, 0, 1, 1
"d:\Projects\Advenro\Advenro\deployment\src\components\loading-spinner.html", "HTML", 0, 0, 0, 0, 0, 0, 104, 0, 0, 0, 4, 15, 123
"d:\Projects\Advenro\Advenro\deployment\src\components\offline-support.html", "HTML", 0, 0, 0, 0, 0, 0, 206, 0, 0, 0, 8, 33, 247
"d:\Projects\Advenro\Advenro\deployment\src\components\service-worker.js", "JavaScript", 127, 0, 0, 0, 0, 0, 0, 0, 0, 0, 17, 18, 162
"d:\Projects\Advenro\Advenro\deployment\src\components\toast-notifications.html", "HTML", 0, 0, 0, 0, 0, 0, 125, 0, 0, 0, 4, 22, 151
"d:\Projects\Advenro\Advenro\deployment\src\config\database.js", "JavaScript", 17, 0, 0, 0, 0, 0, 0, 0, 0, 0, 1, 4, 22
"d:\Projects\Advenro\Advenro\deployment\src\config\index.js", "JavaScript", 7, 0, 0, 0, 0, 0, 0, 0, 0, 0, 0, 2, 9
"d:\Projects\Advenro\Advenro\deployment\src\config\redis.js", "JavaScript", 35, 0, 0, 0, 0, 0, 0, 0, 0, 0, 1, 4, 40
"d:\Projects\Advenro\Advenro\deployment\src\config\swagger.js", "JavaScript", 126, 0, 0, 0, 0, 0, 0, 0, 0, 0, 0, 3, 129
"d:\Projects\Advenro\Advenro\deployment\src\config\test.js", "JavaScript", 13, 0, 0, 0, 0, 0, 0, 0, 0, 0, 1, 0, 14
"d:\Projects\Advenro\Advenro\deployment\src\controllers\adminController.js", "JavaScript", 408, 0, 0, 0, 0, 0, 0, 0, 0, 0, 41, 53, 502
"d:\Projects\Advenro\Advenro\deployment\src\controllers\auth.controller.js", "JavaScript", 274, 0, 0, 0, 0, 0, 0, 0, 0, 0, 25, 31, 330
"d:\Projects\Advenro\Advenro\deployment\src\controllers\authController.js", "JavaScript", 105, 0, 0, 0, 0, 0, 0, 0, 0, 0, 15, 16, 136
"d:\Projects\Advenro\Advenro\deployment\src\controllers\booking.controller.js", "JavaScript", 171, 0, 0, 0, 0, 0, 0, 0, 0, 0, 22, 46, 239
"d:\Projects\Advenro\Advenro\deployment\src\controllers\bookingComController.js", "JavaScript", 290, 0, 0, 0, 0, 0, 0, 0, 0, 0, 90, 51, 431
"d:\Projects\Advenro\Advenro\deployment\src\controllers\bookingController.js", "JavaScript", 286, 0, 0, 0, 0, 0, 0, 0, 0, 0, 40, 44, 370
"d:\Projects\Advenro\Advenro\deployment\src\controllers\flightController.js", "JavaScript", 176, 0, 0, 0, 0, 0, 0, 0, 0, 0, 23, 19, 218
"d:\Projects\Advenro\Advenro\deployment\src\controllers\hotel.controller.js", "JavaScript", 93, 0, 0, 0, 0, 0, 0, 0, 0, 0, 7, 12, 112
"d:\Projects\Advenro\Advenro\deployment\src\controllers\hotelController.js", "JavaScript", 139, 0, 0, 0, 0, 0, 0, 0, 0, 0, 24, 16, 179
"d:\Projects\Advenro\Advenro\deployment\src\controllers\reviewController.js", "JavaScript", 91, 0, 0, 0, 0, 0, 0, 0, 0, 0, 8, 19, 118
"d:\Projects\Advenro\Advenro\deployment\src\controllers\tourController.js", "JavaScript", 219, 0, 0, 0, 0, 0, 0, 0, 0, 0, 29, 24, 272
"d:\Projects\Advenro\Advenro\deployment\src\controllers\user.controller.js", "JavaScript", 218, 0, 0, 0, 0, 0, 0, 0, 0, 0, 35, 52, 305
"d:\Projects\Advenro\Advenro\deployment\src\controllers\userController.js", "JavaScript", 139, 0, 0, 0, 0, 0, 0, 0, 0, 0, 33, 41, 213
"d:\Projects\Advenro\Advenro\deployment\src\middleware\async.js", "JavaScript", 4, 0, 0, 0, 0, 0, 0, 0, 0, 0, 0, 1, 5
"d:\Projects\Advenro\Advenro\deployment\src\middleware\auth.js", "JavaScript", 40, 0, 0, 0, 0, 0, 0, 0, 0, 0, 6, 6, 52
"d:\Projects\Advenro\Advenro\deployment\src\middleware\cache.js", "JavaScript", 48, 0, 0, 0, 0, 0, 0, 0, 0, 0, 18, 12, 78
"d:\Projects\Advenro\Advenro\deployment\src\middleware\error.js", "JavaScript", 23, 0, 0, 0, 0, 0, 0, 0, 0, 0, 4, 7, 34
"d:\Projects\Advenro\Advenro\deployment\src\middleware\userValidation.js", "JavaScript", 116, 0, 0, 0, 0, 0, 0, 0, 0, 0, 3, 24, 143
"d:\Projects\Advenro\Advenro\deployment\src\middleware\validate.js", "JavaScript", 151, 0, 0, 0, 0, 0, 0, 0, 0, 0, 2, 5, 158
"d:\Projects\Advenro\Advenro\deployment\src\middleware\validation.js", "JavaScript", 41, 0, 0, 0, 0, 0, 0, 0, 0, 0, 0, 5, 46
"d:\Projects\Advenro\Advenro\deployment\src\middleware\validationMiddleware.js", "JavaScript", 213, 0, 0, 0, 0, 0, 0, 0, 0, 0, 2, 24, 239
"d:\Projects\Advenro\Advenro\deployment\src\middleware\validator.js", "JavaScript", 224, 0, 0, 0, 0, 0, 0, 0, 0, 0, 5, 10, 239
"d:\Projects\Advenro\Advenro\deployment\src\models\AuditLog.js", "JavaScript", 38, 0, 0, 0, 0, 0, 0, 0, 0, 0, 1, 3, 42
"d:\Projects\Advenro\Advenro\deployment\src\models\Booking.js", "JavaScript", 75, 0, 0, 0, 0, 0, 0, 0, 0, 0, 40, 6, 121
"d:\Projects\Advenro\Advenro\deployment\src\models\ErrorLog.js", "JavaScript", 31, 0, 0, 0, 0, 0, 0, 0, 0, 0, 1, 3, 35
"d:\Projects\Advenro\Advenro\deployment\src\models\Flight.js", "JavaScript", 82, 0, 0, 0, 0, 0, 0, 0, 0, 0, 57, 5, 144
"d:\Projects\Advenro\Advenro\deployment\src\models\Hotel.js", "JavaScript", 75, 0, 0, 0, 0, 0, 0, 0, 0, 0, 57, 4, 136
"d:\Projects\Advenro\Advenro\deployment\src\models\Notification.js", "JavaScript", 73, 0, 0, 0, 0, 0, 0, 0, 0, 0, 3, 5, 81
"d:\Projects\Advenro\Advenro\deployment\src\models\Review.js", "JavaScript", 108, 0, 0, 0, 0, 0, 0, 0, 0, 0, 54, 11, 173
"d:\Projects\Advenro\Advenro\deployment\src\models\SystemConfig.js", "JavaScript", 46, 0, 0, 0, 0, 0, 0, 0, 0, 0, 1, 3, 50
"d:\Projects\Advenro\Advenro\deployment\src\models\Tour.js", "JavaScript", 88, 0, 0, 0, 0, 0, 0, 0, 0, 0, 52, 5, 145
"d:\Projects\Advenro\Advenro\deployment\src\models\User.js", "JavaScript", 250, 0, 0, 0, 0, 0, 0, 0, 0, 0, 80, 29, 359
"d:\Projects\Advenro\Advenro\deployment\src\models\index.js", "JavaScript", 36, 0, 0, 0, 0, 0, 0, 0, 0, 0, 3, 3, 42
"d:\Projects\Advenro\Advenro\deployment\src\routes\admin.js", "JavaScript", 19, 0, 0, 0, 0, 0, 0, 0, 0, 0, 302, 14, 335
"d:\Projects\Advenro\Advenro\deployment\src\routes\auth.js", "JavaScript", 18, 0, 0, 0, 0, 0, 0, 0, 0, 0, 289, 13, 320
"d:\Projects\Advenro\Advenro\deployment\src\routes\bookingCom.js", "JavaScript", 83, 0, 0, 0, 0, 0, 0, 0, 0, 0, 632, 28, 743
"d:\Projects\Advenro\Advenro\deployment\src\routes\bookings.js", "JavaScript", 34, 0, 0, 0, 0, 0, 0, 0, 0, 0, 5, 6, 45
"d:\Projects\Advenro\Advenro\deployment\src\routes\docs.routes.js", "JavaScript", 143, 0, 0, 0, 0, 0, 0, 0, 0, 0, 11, 21, 175
"d:\Projects\Advenro\Advenro\deployment\src\routes\flights.js", "JavaScript", 19, 0, 0, 0, 0, 0, 0, 0, 0, 0, 214, 8, 241
"d:\Projects\Advenro\Advenro\deployment\src\routes\hotel.routes.js", "JavaScript", 12, 0, 0, 0, 0, 0, 0, 0, 0, 0, 313, 7, 332
"d:\Projects\Advenro\Advenro\deployment\src\routes\hotels.js", "JavaScript", 19, 0, 0, 0, 0, 0, 0, 0, 0, 0, 170, 8, 197
"d:\Projects\Advenro\Advenro\deployment\src\routes\reviews.js", "JavaScript", 17, 0, 0, 0, 0, 0, 0, 0, 0, 0, 2, 3, 22
"d:\Projects\Advenro\Advenro\deployment\src\routes\tours.js", "JavaScript", 21, 0, 0, 0, 0, 0, 0, 0, 0, 0, 235, 8, 264
"d:\Projects\Advenro\Advenro\deployment\src\routes\users.js", "JavaScript", 19, 0, 0, 0, 0, 0, 0, 0, 0, 0, 2, 3, 24
"d:\Projects\Advenro\Advenro\deployment\src\scripts\createAdmin.js", "JavaScript", 36, 0, 0, 0, 0, 0, 0, 0, 0, 0, 5, 10, 51
"d:\Projects\Advenro\Advenro\deployment\src\scripts\test-admin-endpoints.ps1", "PowerShell", 0, 0, 0, 64, 0, 0, 0, 0, 0, 0, 8, 14, 86
"d:\Projects\Advenro\Advenro\deployment\src\server.js", "JavaScript", 106, 0, 0, 0, 0, 0, 0, 0, 0, 0, 20, 22, 148
"d:\Projects\Advenro\Advenro\deployment\src\server\controllers\auth.controller.js", "JavaScript", 415, 0, 0, 0, 0, 0, 0, 0, 0, 0, 33, 58, 506
"d:\Projects\Advenro\Advenro\deployment\src\server\controllers\booking.controller.js", "JavaScript", 445, 0, 0, 0, 0, 0, 0, 0, 0, 0, 27, 59, 531
"d:\Projects\Advenro\Advenro\deployment\src\server\controllers\destination.controller.js", "JavaScript", 609, 0, 0, 0, 0, 0, 0, 0, 0, 0, 31, 96, 736
"d:\Projects\Advenro\Advenro\deployment\src\server\controllers\hotel.controller.js", "JavaScript", 534, 0, 0, 0, 0, 0, 0, 0, 0, 0, 31, 74, 639
"d:\Projects\Advenro\Advenro\deployment\src\server\middleware\auth.js", "JavaScript", 65, 0, 0, 0, 0, 0, 0, 0, 0, 0, 6, 9, 80
"d:\Projects\Advenro\Advenro\deployment\src\server\middleware\error.js", "JavaScript", 51, 0, 0, 0, 0, 0, 0, 0, 0, 0, 10, 10, 71
"d:\Projects\Advenro\Advenro\deployment\src\server\middleware\upload.js", "JavaScript", 25, 0, 0, 0, 0, 0, 0, 0, 0, 0, 4, 4, 33
"d:\Projects\Advenro\Advenro\deployment\src\server\middleware\validate.js", "JavaScript", 166, 0, 0, 0, 0, 0, 0, 0, 0, 0, 3, 17, 186
"d:\Projects\Advenro\Advenro\deployment\src\server\middleware\validation.js", "JavaScript", 51, 0, 0, 0, 0, 0, 0, 0, 0, 0, 6, 7, 64
"d:\Projects\Advenro\Advenro\deployment\src\server\models\booking.js", "JavaScript", 113, 0, 0, 0, 0, 0, 0, 0, 0, 0, 6, 15, 134
"d:\Projects\Advenro\Advenro\deployment\src\server\models\hotel.js", "JavaScript", 183, 0, 0, 0, 0, 0, 0, 0, 0, 0, 3, 5, 191
"d:\Projects\Advenro\Advenro\deployment\src\server\models\index.js", "JavaScript", 10, 0, 0, 0, 0, 0, 0, 0, 0, 0, 0, 1, 11
"d:\Projects\Advenro\Advenro\deployment\src\server\models\review.js", "JavaScript", 73, 0, 0, 0, 0, 0, 0, 0, 0, 0, 4, 6, 83
"d:\Projects\Advenro\Advenro\deployment\src\server\models\user.js", "JavaScript", 101, 0, 0, 0, 0, 0, 0, 0, 0, 0, 5, 8, 114
"d:\Projects\Advenro\Advenro\deployment\src\server\routes\auth.routes.js", "JavaScript", 17, 0, 0, 0, 0, 0, 0, 0, 0, 0, 2, 3, 22
"d:\Projects\Advenro\Advenro\deployment\src\server\routes\booking.routes.js", "JavaScript", 20, 0, 0, 0, 0, 0, 0, 0, 0, 0, 4, 5, 29
"d:\Projects\Advenro\Advenro\deployment\src\server\routes\contact.routes.js", "JavaScript", 71, 0, 0, 0, 0, 0, 0, 0, 0, 0, 6, 16, 93
"d:\Projects\Advenro\Advenro\deployment\src\server\routes\destination.routes.js", "JavaScript", 34, 0, 0, 0, 0, 0, 0, 0, 0, 0, 4, 5, 43
"d:\Projects\Advenro\Advenro\deployment\src\server\routes\docs.routes.js", "JavaScript", 56, 0, 0, 0, 0, 0, 0, 0, 0, 0, 6, 6, 68
"d:\Projects\Advenro\Advenro\deployment\src\server\routes\hotel.routes.js", "JavaScript", 26, 0, 0, 0, 0, 0, 0, 0, 0, 0, 6, 7, 39
"d:\Projects\Advenro\Advenro\deployment\src\server\routes\newsletter.routes.js", "JavaScript", 31, 0, 0, 0, 0, 0, 0, 0, 0, 0, 12, 9, 52
"d:\Projects\Advenro\Advenro\deployment\src\server\routes\payment.routes.js", "JavaScript", 44, 0, 0, 0, 0, 0, 0, 0, 0, 0, 3, 4, 51
"d:\Projects\Advenro\Advenro\deployment\src\server\routes\review.routes.js", "JavaScript", 185, 0, 0, 0, 0, 0, 0, 0, 0, 0, 12, 30, 227
"d:\Projects\Advenro\Advenro\deployment\src\server\server.js", "JavaScript", 82, 0, 0, 0, 0, 0, 0, 0, 0, 0, 8, 10, 100
"d:\Projects\Advenro\Advenro\deployment\src\server\utils\cloudStorage.js", "JavaScript", 124, 0, 0, 0, 0, 0, 0, 0, 0, 0, 12, 17, 153
"d:\Projects\Advenro\Advenro\deployment\src\server\utils\email.js", "JavaScript", 23, 0, 0, 0, 0, 0, 0, 0, 0, 0, 3, 3, 29
"d:\Projects\Advenro\Advenro\deployment\src\server\utils\error.js", "JavaScript", 70, 0, 0, 0, 0, 0, 0, 0, 0, 0, 5, 11, 86
"d:\Projects\Advenro\Advenro\deployment\src\server\utils\payment.js", "JavaScript", 67, 0, 0, 0, 0, 0, 0, 0, 0, 0, 5, 5, 77
"d:\Projects\Advenro\Advenro\deployment\src\services\archiveService.js", "JavaScript", 169, 0, 0, 0, 0, 0, 0, 0, 0, 0, 10, 26, 205
"d:\Projects\Advenro\Advenro\deployment\src\services\backupService.js", "JavaScript", 171, 0, 0, 0, 0, 0, 0, 0, 0, 0, 6, 21, 198
"d:\Projects\Advenro\Advenro\deployment\src\services\bookingComService.js", "JavaScript", 444, 0, 0, 0, 0, 0, 0, 0, 0, 0, 119, 50, 613
"d:\Projects\Advenro\Advenro\deployment\src\services\cacheService.js", "JavaScript", 112, 0, 0, 0, 0, 0, 0, 0, 0, 0, 2, 19, 133
"d:\Projects\Advenro\Advenro\deployment\src\services\exportService.js", "JavaScript", 177, 0, 0, 0, 0, 0, 0, 0, 0, 0, 0, 32, 209
"d:\Projects\Advenro\Advenro\deployment\src\services\indexService.js", "JavaScript", 186, 0, 0, 0, 0, 0, 0, 0, 0, 0, 4, 22, 212
"d:\Projects\Advenro\Advenro\deployment\src\services\loggingService.js", "JavaScript", 132, 0, 0, 0, 0, 0, 0, 0, 0, 0, 13, 24, 169
"d:\Projects\Advenro\Advenro\deployment\src\services\mailerService.js", "JavaScript", 178, 0, 0, 0, 0, 0, 0, 0, 0, 0, 5, 20, 203
"d:\Projects\Advenro\Advenro\deployment\src\services\migrationService.js", "JavaScript", 207, 0, 0, 0, 0, 0, 0, 0, 0, 0, 3, 31, 241
"d:\Projects\Advenro\Advenro\deployment\src\services\paymentService.js", "JavaScript", 186, 0, 0, 0, 0, 0, 0, 0, 0, 0, 5, 35, 226
"d:\Projects\Advenro\Advenro\deployment\src\services\websocketService.js", "JavaScript", 129, 0, 0, 0, 0, 0, 0, 0, 0, 0, 10, 21, 160
"d:\Projects\Advenro\Advenro\deployment\src\tests\api-connection.test.js", "JavaScript", 69, 0, 0, 0, 0, 0, 0, 0, 0, 0, 2, 12, 83
"d:\Projects\Advenro\Advenro\deployment\src\tests\api-docs.test.js", "JavaScript", 156, 0, 0, 0, 0, 0, 0, 0, 0, 0, 10, 26, 192
"d:\Projects\Advenro\Advenro\deployment\src\tests\bookingCom.test.js", "JavaScript", 187, 0, 0, 0, 0, 0, 0, 0, 0, 0, 4, 27, 218
"d:\Projects\Advenro\Advenro\deployment\src\tests\db-connection.test.js", "JavaScript", 15, 0, 0, 0, 0, 0, 0, 0, 0, 0, 1, 1, 17
"d:\Projects\Advenro\Advenro\deployment\src\tests\helpers.js", "JavaScript", 68, 0, 0, 0, 0, 0, 0, 0, 0, 0, 15, 11, 94
"d:\Projects\Advenro\Advenro\deployment\src\tests\index.test.js", "JavaScript", 14, 0, 0, 0, 0, 0, 0, 0, 0, 0, 4, 4, 22
"d:\Projects\Advenro\Advenro\deployment\src\tests\integration\auth.test.js", "JavaScript", 99, 0, 0, 0, 0, 0, 0, 0, 0, 0, 2, 20, 121
"d:\Projects\Advenro\Advenro\deployment\src\tests\integration\booking.test.js", "JavaScript", 357, 0, 0, 0, 0, 0, 0, 0, 0, 0, 23, 74, 454
"d:\Projects\Advenro\Advenro\deployment\src\tests\integration\hotel.test.js", "JavaScript", 315, 0, 0, 0, 0, 0, 0, 0, 0, 0, 8, 53, 376
"d:\Projects\Advenro\Advenro\deployment\src\tests\performance\auth.performance.js", "JavaScript", 54, 0, 0, 0, 0, 0, 0, 0, 0, 0, 3, 14, 71
"d:\Projects\Advenro\Advenro\deployment\src\tests\review.test.js", "JavaScript", 308, 0, 0, 0, 0, 0, 0, 0, 0, 0, 26, 64, 398
"d:\Projects\Advenro\Advenro\deployment\src\tests\seed-test-data.js", "JavaScript", 153, 0, 0, 0, 0, 0, 0, 0, 0, 0, 6, 9, 168
"d:\Projects\Advenro\Advenro\deployment\src\tests\setup.js", "JavaScript", 110, 0, 0, 0, 0, 0, 0, 0, 0, 0, 15, 16, 141
"d:\Projects\Advenro\Advenro\deployment\src\tests\setupIntegration.js", "JavaScript", 18, 0, 0, 0, 0, 0, 0, 0, 0, 0, 0, 4, 22
"d:\Projects\Advenro\Advenro\deployment\src\tests\test-helper.js", "JavaScript", 243, 0, 0, 0, 0, 0, 0, 0, 0, 0, 30, 42, 315
"d:\Projects\Advenro\Advenro\deployment\src\tests\unit\auth.controller.test.js", "JavaScript", 151, 0, 0, 0, 0, 0, 0, 0, 0, 0, 20, 28, 199
"d:\Projects\Advenro\Advenro\deployment\src\tests\user.test.js", "JavaScript", 157, 0, 0, 0, 0, 0, 0, 0, 0, 0, 0, 28, 185
"d:\Projects\Advenro\Advenro\deployment\src\utils\appError.js", "JavaScript", 10, 0, 0, 0, 0, 0, 0, 0, 0, 0, 0, 3, 13
"d:\Projects\Advenro\Advenro\deployment\src\utils\catchAsync.js", "JavaScript", 5, 0, 0, 0, 0, 0, 0, 0, 0, 0, 0, 0, 5
"d:\Projects\Advenro\Advenro\deployment\src\utils\email.js", "JavaScript", 21, 0, 0, 0, 0, 0, 0, 0, 0, 0, 3, 4, 28
"d:\Projects\Advenro\Advenro\deployment\src\utils\error.js", "JavaScript", 23, 0, 0, 0, 0, 0, 0, 0, 0, 0, 3, 7, 33
"d:\Projects\Advenro\Advenro\deployment\src\utils\errorResponse.js", "JavaScript", 10, 0, 0, 0, 0, 0, 0, 0, 0, 0, 0, 2, 12
"d:\Projects\Advenro\Advenro\deployment\src\utils\notifications.js", "JavaScript", 125, 0, 0, 0, 0, 0, 0, 0, 0, 0, 13, 14, 152
"d:\Projects\Advenro\Advenro\deployment\src\utils\twoFactorAuth.js", "JavaScript", 29, 0, 0, 0, 0, 0, 0, 0, 0, 0, 3, 3, 35
"d:\Projects\Advenro\Advenro\docker-compose.yml", "YAML", 0, 0, 0, 0, 0, 0, 0, 0, 0, 22, 2, 3, 27
"d:\Projects\Advenro\Advenro\docs\CONTRIBUTING.md", "Markdown", 0, 0, 149, 0, 0, 0, 0, 0, 0, 0, 0, 38, 187
"d:\Projects\Advenro\Advenro\docs\DEPLOYMENT.md", "Markdown", 0, 0, 368, 0, 0, 0, 0, 0, 0, 0, 0, 98, 466
"d:\Projects\Advenro\Advenro\docs\TESTING.md", "Markdown", 0, 0, 222, 0, 0, 0, 0, 0, 0, 0, 0, 75, 297
"d:\Projects\Advenro\Advenro\docs\api.md", "Markdown", 0, 0, 411, 0, 0, 0, 0, 0, 0, 0, 0, 60, 471
"d:\Projects\Advenro\Advenro\docs\components.md", "Markdown", 0, 0, 272, 0, 0, 0, 0, 0, 0, 0, 0, 70, 342
"d:\Projects\Advenro\Advenro\ecosystem.config.js", "JavaScript", 17, 0, 0, 0, 0, 0, 0, 0, 0, 0, 0, 0, 17
"d:\Projects\Advenro\Advenro\list-tests.js", "JavaScript", 58, 0, 0, 0, 0, 0, 0, 0, 0, 0, 7, 11, 76
"d:\Projects\Advenro\Advenro\mock-data\hotel-123456.json", "JSON", 0, 69, 0, 0, 0, 0, 0, 0, 0, 0, 0, 0, 69
"d:\Projects\Advenro\Advenro\mock-data\hotel-789012.json", "JSON", 0, 69, 0, 0, 0, 0, 0, 0, 0, 0, 0, 0, 69
"d:\Projects\Advenro\Advenro\mock-data\hotel-search.json", "JSON", 0, 64, 0, 0, 0, 0, 0, 0, 0, 0, 0, 0, 64
"d:\Projects\Advenro\Advenro\mock-data\locations.json", "JSON", 0, 23, 0, 0, 0, 0, 0, 0, 0, 0, 0, 0, 23
"d:\Projects\Advenro\Advenro\mock-server.js", "JavaScript", 284, 0, 0, 0, 0, 0, 0, 0, 0, 0, 28, 24, 336
"d:\Projects\Advenro\Advenro\mock-test.js", "JavaScript", 82, 0, 0, 0, 0, 0, 0, 0, 0, 0, 3, 20, 105
"d:\Projects\Advenro\Advenro\mongo-test.js", "JavaScript", 95, 0, 0, 0, 0, 0, 0, 0, 0, 0, 9, 12, 116
"d:\Projects\Advenro\Advenro\package.json", "JSON", 0, 69, 0, 0, 0, 0, 0, 0, 0, 0, 0, 1, 70
"d:\Projects\Advenro\Advenro\postman_collection.json", "JSON", 0, 378, 0, 0, 0, 0, 0, 0, 0, 0, 0, 0, 378
"d:\Projects\Advenro\Advenro\postman_environments.json", "JSON", 0, 79, 0, 0, 0, 0, 0, 0, 0, 0, 0, 0, 79
"d:\Projects\Advenro\Advenro\prepare-deployment.ps1", "PowerShell", 0, 0, 0, 49, 0, 0, 0, 0, 0, 0, 16, 14, 79
"d:\Projects\Advenro\Advenro\prepare-deployment.sh", "Shell Script", 0, 0, 0, 0, 0, 45, 0, 0, 0, 0, 18, 16, 79
"d:\Projects\Advenro\Advenro\proxy-server.js", "JavaScript", 212, 0, 0, 0, 0, 0, 0, 0, 0, 0, 23, 23, 258
"d:\Projects\Advenro\Advenro\scripts\generate-test.js", "JavaScript", 67, 0, 0, 0, 0, 0, 0, 0, 0, 0, 24, 14, 105
"d:\Projects\Advenro\Advenro\scripts\run-integration-tests.js", "JavaScript", 65, 0, 0, 0, 0, 0, 0, 0, 0, 0, 15, 20, 100
"d:\Projects\Advenro\Advenro\scripts\run-tests.bat", "Batch", 0, 0, 0, 0, 0, 0, 0, 0, 5, 0, 0, 0, 5
"d:\Projects\Advenro\Advenro\src\App.js", "JavaScript", 50, 0, 0, 0, 0, 0, 0, 0, 0, 0, 2, 4, 56
"d:\Projects\Advenro\Advenro\src\components\admin\AdminDashboard.js", "JavaScript", 71, 0, 0, 0, 0, 0, 0, 0, 0, 0, 0, 6, 77
"d:\Projects\Advenro\Advenro\src\components\auth\Login.js", "JavaScript", 88, 0, 0, 0, 0, 0, 0, 0, 0, 0, 0, 7, 95
"d:\Projects\Advenro\Advenro\src\components\auth\PrivateRoute.js", "JavaScript", 14, 0, 0, 0, 0, 0, 0, 0, 0, 0, 1, 5, 20
"d:\Projects\Advenro\Advenro\src\components\auth\Register.js", "JavaScript", 125, 0, 0, 0, 0, 0, 0, 0, 0, 0, 0, 8, 133
"d:\Projects\Advenro\Advenro\src\components\common\LoadingSpinner.css", "CSS", 0, 0, 0, 0, 0, 0, 0, 60, 0, 0, 3, 10, 73
"d:\Projects\Advenro\Advenro\src\components\common\LoadingSpinner.js", "JavaScript", 66, 0, 0, 0, 0, 0, 0, 0, 0, 0, 24, 4, 94
"d:\Projects\Advenro\Advenro\src\components\common\OfflineSupport.js", "JavaScript", 97, 0, 0, 0, 0, 0, 0, 0, 0, 0, 1, 12, 110
"d:\Projects\Advenro\Advenro\src\components\common\Toast.css", "CSS", 0, 0, 0, 0, 0, 0, 0, 0, 0, 0, 0, 1, 1
"d:\Projects\Advenro\Advenro\src\components\common\ToastNotifications.js", "JavaScript", 65, 0, 0, 0, 0, 0, 0, 0, 0, 0, 28, 11, 104
"d:\Projects\Advenro\Advenro\src\components\docs\Documentation.js", "JavaScript", 117, 0, 0, 0, 0, 0, 0, 0, 0, 0, 0, 10, 127
"d:\Projects\Advenro\Advenro\src\components\flights\flight-search.html", "HTML", 0, 0, 0, 0, 0, 0, 50, 0, 0, 0, 1, 8, 59
"d:\Projects\Advenro\Advenro\src\components\hotels\BookingComIntegration.js", "JavaScript", 173, 0, 0, 0, 0, 0, 0, 0, 0, 0, 1, 12, 186
"d:\Projects\Advenro\Advenro\src\components\hotels\HotelDetail.js", "JavaScript", 170, 0, 0, 0, 0, 0, 0, 0, 0, 0, 0, 13, 183
"d:\Projects\Advenro\Advenro\src\components\hotels\HotelList.js", "JavaScript", 143, 0, 0, 0, 0, 0, 0, 0, 0, 0, 0, 15, 158
"d:\Projects\Advenro\Advenro\src\components\layout\Layout.js", "JavaScript", 114, 0, 0, 0, 0, 0, 0, 0, 0, 0, 0, 6, 120
"d:\Projects\Advenro\Advenro\src\components\loading-spinner.html", "HTML", 0, 0, 0, 0, 0, 0, 104, 0, 0, 0, 4, 15, 123
"d:\Projects\Advenro\Advenro\src\components\localServices\LocalServiceDetail.js", "JavaScript", 206, 0, 0, 0, 0, 0, 0, 0, 0, 0, 0, 14, 220
"d:\Projects\Advenro\Advenro\src\components\localServices\LocalServicesList.js", "JavaScript", 164, 0, 0, 0, 0, 0, 0, 0, 0, 0, 0, 16, 180
"d:\Projects\Advenro\Advenro\src\components\offline-support.html", "HTML", 0, 0, 0, 0, 0, 0, 206, 0, 0, 0, 8, 33, 247
"d:\Projects\Advenro\Advenro\src\components\payment\PaymentForm.css", "CSS", 0, 0, 0, 0, 0, 0, 0, 72, 0, 0, 0, 11, 83
"d:\Projects\Advenro\Advenro\src\components\payment\PaymentForm.js", "JavaScript", 91, 0, 0, 0, 0, 0, 0, 0, 0, 0, 6, 15, 112
"d:\Projects\Advenro\Advenro\src\components\payment\StripeProvider.js", "JavaScript", 12, 0, 0, 0, 0, 0, 0, 0, 0, 0, 1, 3, 16
"d:\Projects\Advenro\Advenro\src\components\restaurants\RestaurantDetail.js", "JavaScript", 183, 0, 0, 0, 0, 0, 0, 0, 0, 0, 0, 13, 196
"d:\Projects\Advenro\Advenro\src\components\restaurants\RestaurantList.js", "JavaScript", 155, 0, 0, 0, 0, 0, 0, 0, 0, 0, 0, 16, 171
"d:\Projects\Advenro\Advenro\src\components\reviews\review-form.html", "HTML", 0, 0, 0, 0, 0, 0, 108, 0, 0, 0, 0, 14, 122
"d:\Projects\Advenro\Advenro\src\components\reviews\review-list.html", "HTML", 0, 0, 0, 0, 0, 0, 112, 0, 0, 0, 1, 4, 117
"d:\Projects\Advenro\Advenro\src\components\service-worker.js", "JavaScript", 127, 0, 0, 0, 0, 0, 0, 0, 0, 0, 17, 18, 162
"d:\Projects\Advenro\Advenro\src\components\toast-notifications.html", "HTML", 0, 0, 0, 0, 0, 0, 125, 0, 0, 0, 4, 22, 151
"d:\Projects\Advenro\Advenro\src\components\tours\tour-search.html", "HTML", 0, 0, 0, 0, 0, 0, 79, 0, 0, 0, 1, 10, 90
"d:\Projects\Advenro\Advenro\src\components\users\UserBookings.js", "JavaScript", 181, 0, 0, 0, 0, 0, 0, 0, 0, 0, 0, 13, 194
"d:\Projects\Advenro\Advenro\src\components\users\UserProfile.js", "JavaScript", 224, 0, 0, 0, 0, 0, 0, 0, 0, 0, 0, 13, 237
"d:\Projects\Advenro\Advenro\src\components\users\UserReviews.js", "JavaScript", 155, 0, 0, 0, 0, 0, 0, 0, 0, 0, 0, 10, 165
"d:\Projects\Advenro\Advenro\src\config\database.js", "JavaScript", 17, 0, 0, 0, 0, 0, 0, 0, 0, 0, 1, 4, 22
"d:\Projects\Advenro\Advenro\src\config\index.js", "JavaScript", 7, 0, 0, 0, 0, 0, 0, 0, 0, 0, 0, 2, 9
"d:\Projects\Advenro\Advenro\src\config\redis.js", "JavaScript", 19, 0, 0, 0, 0, 0, 0, 0, 0, 0, 0, 4, 23
"d:\Projects\Advenro\Advenro\src\config\swagger.js", "JavaScript", 126, 0, 0, 0, 0, 0, 0, 0, 0, 0, 0, 3, 129
"d:\Projects\Advenro\Advenro\src\config\test.js", "JavaScript", 13, 0, 0, 0, 0, 0, 0, 0, 0, 0, 1, 0, 14
"d:\Projects\Advenro\Advenro\src\contexts\AuthContext.js", "JavaScript", 80, 0, 0, 0, 0, 0, 0, 0, 0, 0, 0, 10, 90
"d:\Projects\Advenro\Advenro\src\controllers\adminController.js", "JavaScript", 408, 0, 0, 0, 0, 0, 0, 0, 0, 0, 41, 53, 502
"d:\Projects\Advenro\Advenro\src\controllers\auth.controller.js", "JavaScript", 274, 0, 0, 0, 0, 0, 0, 0, 0, 0, 25, 31, 330
"d:\Projects\Advenro\Advenro\src\controllers\authController.js", "JavaScript", 156, 0, 0, 0, 0, 0, 0, 0, 0, 0, 22, 22, 200
"d:\Projects\Advenro\Advenro\src\controllers\booking.controller.js", "JavaScript", 171, 0, 0, 0, 0, 0, 0, 0, 0, 0, 22, 46, 239
"d:\Projects\Advenro\Advenro\src\controllers\bookingComController.js", "JavaScript", 290, 0, 0, 0, 0, 0, 0, 0, 0, 0, 90, 51, 431
"d:\Projects\Advenro\Advenro\src\controllers\bookingController.js", "JavaScript", 286, 0, 0, 0, 0, 0, 0, 0, 0, 0, 40, 44, 370
"d:\Projects\Advenro\Advenro\src\controllers\destinationController.js", "JavaScript", 140, 0, 0, 0, 0, 0, 0, 0, 0, 0, 28, 24, 192
"d:\Projects\Advenro\Advenro\src\controllers\eventBookingController.js", "JavaScript", 519, 0, 0, 0, 0, 0, 0, 0, 0, 0, 57, 89, 665
"d:\Projects\Advenro\Advenro\src\controllers\eventController.js", "JavaScript", 558, 0, 0, 0, 0, 0, 0, 0, 0, 0, 51, 98, 707
"d:\Projects\Advenro\Advenro\src\controllers\flightController.js", "JavaScript", 176, 0, 0, 0, 0, 0, 0, 0, 0, 0, 23, 19, 218
"d:\Projects\Advenro\Advenro\src\controllers\flights.js", "JavaScript", 104, 0, 0, 0, 0, 0, 0, 0, 0, 0, 10, 19, 133
"d:\Projects\Advenro\Advenro\src\controllers\hotel.controller.js", "JavaScript", 99, 0, 0, 0, 0, 0, 0, 0, 0, 0, 7, 13, 119
"d:\Projects\Advenro\Advenro\src\controllers\hotelController.js", "JavaScript", 163, 0, 0, 0, 0, 0, 0, 0, 0, 0, 28, 21, 212
"d:\Projects\Advenro\Advenro\src\controllers\localServiceController.js", "JavaScript", 408, 0, 0, 0, 0, 0, 0, 0, 0, 0, 21, 59, 488
"d:\Projects\Advenro\Advenro\src\controllers\paymentController.js", "JavaScript", 110, 0, 0, 0, 0, 0, 0, 0, 0, 0, 24, 26, 160
"d:\Projects\Advenro\Advenro\src\controllers\restaurantController.js", "JavaScript", 474, 0, 0, 0, 0, 0, 0, 0, 0, 0, 41, 84, 599
"d:\Projects\Advenro\Advenro\src\controllers\reviewController.js", "JavaScript", 91, 0, 0, 0, 0, 0, 0, 0, 0, 0, 8, 19, 118
"d:\Projects\Advenro\Advenro\src\controllers\reviews.js", "JavaScript", 134, 0, 0, 0, 0, 0, 0, 0, 0, 0, 4, 30, 168
"d:\Projects\Advenro\Advenro\src\controllers\tourController.js", "JavaScript", 219, 0, 0, 0, 0, 0, 0, 0, 0, 0, 29, 24, 272
"d:\Projects\Advenro\Advenro\src\controllers\tours.js", "JavaScript", 153, 0, 0, 0, 0, 0, 0, 0, 0, 0, 17, 27, 197
"d:\Projects\Advenro\Advenro\src\controllers\user.controller.js", "JavaScript", 218, 0, 0, 0, 0, 0, 0, 0, 0, 0, 35, 52, 305
"d:\Projects\Advenro\Advenro\src\controllers\userBookingsController.js", "JavaScript", 386, 0, 0, 0, 0, 0, 0, 0, 0, 0, 51, 54, 491
"d:\Projects\Advenro\Advenro\src\controllers\userController.js", "JavaScript", 269, 0, 0, 0, 0, 0, 0, 0, 0, 0, 57, 66, 392
"d:\Projects\Advenro\Advenro\src\controllers\userFavoritesController.js", "JavaScript", 91, 0, 0, 0, 0, 0, 0, 0, 0, 0, 21, 17, 129
"d:\Projects\Advenro\Advenro\src\css\flights.css", "CSS", 0, 0, 0, 0, 0, 0, 0, 145, 0, 0, 0, 23, 168
"d:\Projects\Advenro\Advenro\src\css\payment.css", "CSS", 0, 0, 0, 0, 0, 0, 0, 88, 0, 0, 0, 13, 101
"d:\Projects\Advenro\Advenro\src\css\reviews.css", "CSS", 0, 0, 0, 0, 0, 0, 0, 351, 0, 0, 0, 65, 416
"d:\Projects\Advenro\Advenro\src\css\tours.css", "CSS", 0, 0, 0, 0, 0, 0, 0, 241, 0, 0, 0, 38, 279
"d:\Projects\Advenro\Advenro\src\js\admin\adminDashboard.js", "JavaScript", 129, 0, 0, 0, 0, 0, 0, 0, 0, 0, 2, 15, 146
"d:\Projects\Advenro\Advenro\src\js\admin\serviceManagement.js", "JavaScript", 175, 0, 0, 0, 0, 0, 0, 0, 0, 0, 1, 20, 196
"d:\Projects\Advenro\Advenro\src\js\admin\userManagement.js", "JavaScript", 169, 0, 0, 0, 0, 0, 0, 0, 0, 0, 0, 22, 191
"d:\Projects\Advenro\Advenro\src\js\flights.js", "JavaScript", 111, 0, 0, 0, 0, 0, 0, 0, 0, 0, 6, 16, 133
"d:\Projects\Advenro\Advenro\src\js\payment.js", "JavaScript", 186, 0, 0, 0, 0, 0, 0, 0, 0, 0, 19, 35, 240
"d:\Projects\Advenro\Advenro\src\js\reviews.js", "JavaScript", 264, 0, 0, 0, 0, 0, 0, 0, 0, 0, 17, 42, 323
"d:\Projects\Advenro\Advenro\src\js\tours.js", "JavaScript", 137, 0, 0, 0, 0, 0, 0, 0, 0, 0, 9, 20, 166
"d:\Projects\Advenro\Advenro\src\js\userFavorites.js", "JavaScript", 126, 0, 0, 0, 0, 0, 0, 0, 0, 0, 1, 18, 145
"d:\Projects\Advenro\Advenro\src\js\userNotifications.js", "JavaScript", 131, 0, 0, 0, 0, 0, 0, 0, 0, 0, 1, 20, 152
"d:\Projects\Advenro\Advenro\src\js\userReviews.js", "JavaScript", 130, 0, 0, 0, 0, 0, 0, 0, 0, 0, 1, 17, 148
"d:\Projects\Advenro\Advenro\src\middleware\async.js", "JavaScript", 4, 0, 0, 0, 0, 0, 0, 0, 0, 0, 0, 1, 5
"d:\Projects\Advenro\Advenro\src\middleware\auth.js", "JavaScript", 40, 0, 0, 0, 0, 0, 0, 0, 0, 0, 6, 6, 52
"d:\Projects\Advenro\Advenro\src\middleware\cache.js", "JavaScript", 48, 0, 0, 0, 0, 0, 0, 0, 0, 0, 18, 12, 78
"d:\Projects\Advenro\Advenro\src\middleware\error.js", "JavaScript", 42, 0, 0, 0, 0, 0, 0, 0, 0, 0, 11, 12, 65
"d:\Projects\Advenro\Advenro\src\middleware\userValidation.js", "JavaScript", 116, 0, 0, 0, 0, 0, 0, 0, 0, 0, 3, 24, 143
"d:\Projects\Advenro\Advenro\src\middleware\validate.js", "JavaScript", 151, 0, 0, 0, 0, 0, 0, 0, 0, 0, 2, 5, 158
"d:\Projects\Advenro\Advenro\src\middleware\validation.js", "JavaScript", 41, 0, 0, 0, 0, 0, 0, 0, 0, 0, 0, 5, 46
"d:\Projects\Advenro\Advenro\src\middleware\validationMiddleware.js", "JavaScript", 213, 0, 0, 0, 0, 0, 0, 0, 0, 0, 2, 24, 239
"d:\Projects\Advenro\Advenro\src\middleware\validator.js", "JavaScript", 224, 0, 0, 0, 0, 0, 0, 0, 0, 0, 5, 10, 239
"d:\Projects\Advenro\Advenro\src\models\AuditLog.js", "JavaScript", 38, 0, 0, 0, 0, 0, 0, 0, 0, 0, 1, 3, 42
"d:\Projects\Advenro\Advenro\src\models\Booking.js", "JavaScript", 122, 0, 0, 0, 0, 0, 0, 0, 0, 0, 40, 9, 171
"d:\Projects\Advenro\Advenro\src\models\ErrorLog.js", "JavaScript", 31, 0, 0, 0, 0, 0, 0, 0, 0, 0, 1, 3, 35
"d:\Projects\Advenro\Advenro\src\models\Event.js", "JavaScript", 274, 0, 0, 0, 0, 0, 0, 0, 0, 0, 13, 28, 315
"d:\Projects\Advenro\Advenro\src\models\EventBooking.js", "JavaScript", 205, 0, 0, 0, 0, 0, 0, 0, 0, 0, 13, 17, 235
"d:\Projects\Advenro\Advenro\src\models\Favorite.js", "JavaScript", 48, 0, 0, 0, 0, 0, 0, 0, 0, 0, 1, 4, 53
"d:\Projects\Advenro\Advenro\src\models\Flight.js", "JavaScript", 97, 0, 0, 0, 0, 0, 0, 0, 0, 0, 57, 6, 160
"d:\Projects\Advenro\Advenro\src\models\Hotel.js", "JavaScript", 75, 0, 0, 0, 0, 0, 0, 0, 0, 0, 57, 4, 136
"d:\Projects\Advenro\Advenro\src\models\LocalService.js", "JavaScript", 98, 0, 0, 0, 0, 0, 0, 0, 0, 0, 4, 7, 109
"d:\Projects\Advenro\Advenro\src\models\Notification.js", "JavaScript", 73, 0, 0, 0, 0, 0, 0, 0, 0, 0, 3, 5, 81
"d:\Projects\Advenro\Advenro\src\models\Restaurant.js", "JavaScript", 238, 0, 0, 0, 0, 0, 0, 0, 0, 0, 7, 14, 259
"d:\Projects\Advenro\Advenro\src\models\Review.js", "JavaScript", 84, 0, 0, 0, 0, 0, 0, 0, 0, 0, 51, 10, 145
"d:\Projects\Advenro\Advenro\src\models\ServiceBooking.js", "JavaScript", 97, 0, 0, 0, 0, 0, 0, 0, 0, 0, 5, 9, 111
"d:\Projects\Advenro\Advenro\src\models\SystemConfig.js", "JavaScript", 46, 0, 0, 0, 0, 0, 0, 0, 0, 0, 1, 3, 50
"d:\Projects\Advenro\Advenro\src\models\Tour.js", "JavaScript", 150, 0, 0, 0, 0, 0, 0, 0, 0, 0, 58, 9, 217
"d:\Projects\Advenro\Advenro\src\models\User.js", "JavaScript", 250, 0, 0, 0, 0, 0, 0, 0, 0, 0, 80, 29, 359
"d:\Projects\Advenro\Advenro\src\models\airline.js", "JavaScript", 79, 0, 0, 0, 0, 0, 0, 0, 0, 0, 2, 5, 86
"d:\Projects\Advenro\Advenro\src\models\airport.js", "JavaScript", 64, 0, 0, 0, 0, 0, 0, 0, 0, 0, 2, 5, 71
"d:\Projects\Advenro\Advenro\src\models\destination.js", "JavaScript", 107, 0, 0, 0, 0, 0, 0, 0, 0, 0, 2, 5, 114
"d:\Projects\Advenro\Advenro\src\models\index.js", "JavaScript", 52, 0, 0, 0, 0, 0, 0, 0, 0, 0, 6, 3, 61
"d:\Projects\Advenro\Advenro\src\models\newsletter.js", "JavaScript", 27, 0, 0, 0, 0, 0, 0, 0, 0, 0, 1, 3, 31
"d:\Projects\Advenro\Advenro\src\pages\PaymentPage.css", "CSS", 0, 0, 0, 0, 0, 0, 0, 122, 0, 0, 0, 22, 144
"d:\Projects\Advenro\Advenro\src\pages\admin\dashboard.html", "HTML", 0, 0, 0, 0, 0, 0, 43, 0, 0, 0, 3, 2, 48
"d:\Projects\Advenro\Advenro\src\pages\admin\services.html", "HTML", 0, 0, 0, 0, 0, 0, 43, 0, 0, 0, 3, 2, 48
"d:\Projects\Advenro\Advenro\src\pages\admin\users.html", "HTML", 0, 0, 0, 0, 0, 0, 43, 0, 0, 0, 3, 2, 48
"d:\Projects\Advenro\Advenro\src\routes\admin.js", "JavaScript", 44, 0, 0, 0, 0, 0, 0, 0, 0, 0, 305, 17, 366
"d:\Projects\Advenro\Advenro\src\routes\auth.js", "JavaScript", 18, 0, 0, 0, 0, 0, 0, 0, 0, 0, 289, 13, 320
"d:\Projects\Advenro\Advenro\src\routes\bookingCom.js", "JavaScript", 201, 0, 0, 0, 0, 0, 0, 0, 0, 0, 647, 49, 897
"d:\Projects\Advenro\Advenro\src\routes\bookings.js", "JavaScript", 34, 0, 0, 0, 0, 0, 0, 0, 0, 0, 5, 6, 45
"d:\Projects\Advenro\Advenro\src\routes\destinations.js", "JavaScript", 11, 0, 0, 0, 0, 0, 0, 0, 0, 0, 9, 4, 24
"d:\Projects\Advenro\Advenro\src\routes\docs.routes.js", "JavaScript", 228, 0, 0, 0, 0, 0, 0, 0, 0, 0, 14, 24, 266
"d:\Projects\Advenro\Advenro\src\routes\eventRoutes.js", "JavaScript", 91, 0, 0, 0, 0, 0, 0, 0, 0, 0, 10, 16, 117
"d:\Projects\Advenro\Advenro\src\routes\flights.js", "JavaScript", 27, 0, 0, 0, 0, 0, 0, 0, 0, 0, 216, 10, 253
"d:\Projects\Advenro\Advenro\src\routes\hotels.js", "JavaScript", 32, 0, 0, 0, 0, 0, 0, 0, 0, 0, 245, 15, 292
"d:\Projects\Advenro\Advenro\src\routes\localServices.js", "JavaScript", 57, 0, 0, 0, 0, 0, 0, 0, 0, 0, 6, 11, 74
"d:\Projects\Advenro\Advenro\src\routes\mongodbHotels.js", "JavaScript", 146, 0, 0, 0, 0, 0, 0, 0, 0, 0, 48, 9, 203
"d:\Projects\Advenro\Advenro\src\routes\payments.js", "JavaScript", 7, 0, 0, 0, 0, 0, 0, 0, 0, 0, 2, 3, 12
"d:\Projects\Advenro\Advenro\src\routes\restaurants.js", "JavaScript", 82, 0, 0, 0, 0, 0, 0, 0, 0, 0, 16, 20, 118
"d:\Projects\Advenro\Advenro\src\routes\reviews.js", "JavaScript", 13, 0, 0, 0, 0, 0, 0, 0, 0, 0, 2, 4, 19
"d:\Projects\Advenro\Advenro\src\routes\tours.js", "JavaScript", 27, 0, 0, 0, 0, 0, 0, 0, 0, 0, 237, 10, 274
"d:\Projects\Advenro\Advenro\src\routes\users.js", "JavaScript", 51, 0, 0, 0, 0, 0, 0, 0, 0, 0, 35, 15, 101
"d:\Projects\Advenro\Advenro\src\scripts\checkData.js", "JavaScript", 60, 0, 0, 0, 0, 0, 0, 0, 0, 0, 6, 14, 80
"d:\Projects\Advenro\Advenro\src\scripts\clear-users.js", "JavaScript", 19, 0, 0, 0, 0, 0, 0, 0, 0, 0, 3, 5, 27
"d:\Projects\Advenro\Advenro\src\scripts\createAdmin.js", "JavaScript", 36, 0, 0, 0, 0, 0, 0, 0, 0, 0, 5, 10, 51
"d:\Projects\Advenro\Advenro\src\scripts\seedData.js", "JavaScript", 291, 0, 0, 0, 0, 0, 0, 0, 0, 0, 27, 45, 363
"d:\Projects\Advenro\Advenro\src\scripts\test-admin-endpoints.ps1", "PowerShell", 0, 0, 0, 64, 0, 0, 0, 0, 0, 0, 8, 14, 86
"d:\Projects\Advenro\Advenro\src\server.js", "JavaScript", 150, 0, 0, 0, 0, 0, 0, 0, 0, 0, 25, 27, 202
"d:\Projects\Advenro\Advenro\src\server\app.js", "JavaScript", 394, 0, 0, 0, 0, 0, 0, 0, 0, 0, 50, 61, 505
"d:\Projects\Advenro\Advenro\src\server\config\config.js", "JavaScript", 16, 0, 0, 0, 0, 0, 0, 0, 0, 0, 10, 7, 33
"d:\Projects\Advenro\Advenro\src\server\controllers\auth.controller.js", "JavaScript", 415, 0, 0, 0, 0, 0, 0, 0, 0, 0, 33, 58, 506
"d:\Projects\Advenro\Advenro\src\server\controllers\booking.controller.js", "JavaScript", 395, 0, 0, 0, 0, 0, 0, 0, 0, 0, 26, 51, 472
"d:\Projects\Advenro\Advenro\src\server\controllers\destination.controller.js", "JavaScript", 609, 0, 0, 0, 0, 0, 0, 0, 0, 0, 31, 96, 736
"d:\Projects\Advenro\Advenro\src\server\controllers\hotel.controller.js", "JavaScript", 604, 0, 0, 0, 0, 0, 0, 0, 0, 0, 44, 85, 733
"d:\Projects\Advenro\Advenro\src\server\middleware\admin.js", "JavaScript", 6, 0, 0, 0, 0, 0, 0, 0, 0, 0, 0, 0, 6
"d:\Projects\Advenro\Advenro\src\server\middleware\auth.js", "JavaScript", 65, 0, 0, 0, 0, 0, 0, 0, 0, 0, 6, 9, 80
"d:\Projects\Advenro\Advenro\src\server\middleware\error.js", "JavaScript", 51, 0, 0, 0, 0, 0, 0, 0, 0, 0, 10, 10, 71
"d:\Projects\Advenro\Advenro\src\server\middleware\upload.js", "JavaScript", 25, 0, 0, 0, 0, 0, 0, 0, 0, 0, 4, 4, 33
"d:\Projects\Advenro\Advenro\src\server\middleware\validate.js", "JavaScript", 166, 0, 0, 0, 0, 0, 0, 0, 0, 0, 3, 17, 186
"d:\Projects\Advenro\Advenro\src\server\middleware\validation.js", "JavaScript", 51, 0, 0, 0, 0, 0, 0, 0, 0, 0, 6, 7, 64
"d:\Projects\Advenro\Advenro\src\server\models\Destination.js", "JavaScript", 27, 0, 0, 0, 0, 0, 0, 0, 0, 0, 0, 2, 29
"d:\Projects\Advenro\Advenro\src\server\models\Newsletter.js", "JavaScript", 21, 0, 0, 0, 0, 0, 0, 0, 0, 0, 1, 3, 25
"d:\Projects\Advenro\Advenro\src\server\models\Payment.js", "JavaScript", 40, 0, 0, 0, 0, 0, 0, 0, 0, 0, 0, 2, 42
"d:\Projects\Advenro\Advenro\src\server\models\booking.js", "JavaScript", 94, 0, 0, 0, 0, 0, 0, 0, 0, 0, 6, 15, 115
"d:\Projects\Advenro\Advenro\src\server\models\hotel.js", "JavaScript", 116, 0, 0, 0, 0, 0, 0, 0, 0, 0, 3, 6, 125
"d:\Projects\Advenro\Advenro\src\server\models\index.js", "JavaScript", 16, 0, 0, 0, 0, 0, 0, 0, 0, 0, 0, 1, 17
"d:\Projects\Advenro\Advenro\src\server\models\review.js", "JavaScript", 78, 0, 0, 0, 0, 0, 0, 0, 0, 0, 5, 8, 91
"d:\Projects\Advenro\Advenro\src\server\models\room.js", "JavaScript", 85, 0, 0, 0, 0, 0, 0, 0, 0, 0, 1, 4, 90
"d:\Projects\Advenro\Advenro\src\server\models\user.js", "JavaScript", 112, 0, 0, 0, 0, 0, 0, 0, 0, 0, 5, 8, 125
"d:\Projects\Advenro\Advenro\src\server\routes\auth.js", "JavaScript", 153, 0, 0, 0, 0, 0, 0, 0, 0, 0, 50, 32, 235
"d:\Projects\Advenro\Advenro\src\server\routes\auth.routes.js", "JavaScript", 17, 0, 0, 0, 0, 0, 0, 0, 0, 0, 2, 3, 22
"d:\Projects\Advenro\Advenro\src\server\routes\booking.js", "JavaScript", 101, 0, 0, 0, 0, 0, 0, 0, 0, 0, 10, 21, 132
"d:\Projects\Advenro\Advenro\src\server\routes\booking.routes.js", "JavaScript", 20, 0, 0, 0, 0, 0, 0, 0, 0, 0, 4, 5, 29
"d:\Projects\Advenro\Advenro\src\server\routes\contact.routes.js", "JavaScript", 71, 0, 0, 0, 0, 0, 0, 0, 0, 0, 6, 16, 93
"d:\Projects\Advenro\Advenro\src\server\routes\destination.js", "JavaScript", 87, 0, 0, 0, 0, 0, 0, 0, 0, 0, 9, 16, 112
"d:\Projects\Advenro\Advenro\src\server\routes\destination.routes.js", "JavaScript", 34, 0, 0, 0, 0, 0, 0, 0, 0, 0, 4, 5, 43
"d:\Projects\Advenro\Advenro\src\server\routes\docs.routes.js", "JavaScript", 56, 0, 0, 0, 0, 0, 0, 0, 0, 0, 6, 6, 68
"d:\Projects\Advenro\Advenro\src\server\routes\hotel.js", "JavaScript", 367, 0, 0, 0, 0, 0, 0, 0, 0, 0, 30, 61, 458
"d:\Projects\Advenro\Advenro\src\server\routes\hotel.routes.js", "JavaScript", 28, 0, 0, 0, 0, 0, 0, 0, 0, 0, 6, 7, 41
"d:\Projects\Advenro\Advenro\src\server\routes\index.js", "JavaScript", 9, 0, 0, 0, 0, 0, 0, 0, 0, 0, 0, 0, 9
"d:\Projects\Advenro\Advenro\src\server\routes\newsletter.js", "JavaScript", 69, 0, 0, 0, 0, 0, 0, 0, 0, 0, 10, 16, 95
"d:\Projects\Advenro\Advenro\src\server\routes\newsletter.routes.js", "JavaScript", 31, 0, 0, 0, 0, 0, 0, 0, 0, 0, 12, 9, 52
"d:\Projects\Advenro\Advenro\src\server\routes\payment.js", "JavaScript", 158, 0, 0, 0, 0, 0, 0, 0, 0, 0, 23, 35, 216
"d:\Projects\Advenro\Advenro\src\server\routes\payment.routes.js", "JavaScript", 44, 0, 0, 0, 0, 0, 0, 0, 0, 0, 3, 4, 51
"d:\Projects\Advenro\Advenro\src\server\routes\review.js", "JavaScript", 108, 0, 0, 0, 0, 0, 0, 0, 0, 0, 13, 27, 148
"d:\Projects\Advenro\Advenro\src\server\routes\review.routes.js", "JavaScript", 185, 0, 0, 0, 0, 0, 0, 0, 0, 0, 12, 30, 227
"d:\Projects\Advenro\Advenro\src\server\server.js", "JavaScript", 82, 0, 0, 0, 0, 0, 0, 0, 0, 0, 8, 10, 100
"d:\Projects\Advenro\Advenro\src\server\utils\cloudStorage.js", "JavaScript", 124, 0, 0, 0, 0, 0, 0, 0, 0, 0, 12, 17, 153
"d:\Projects\Advenro\Advenro\src\server\utils\email.js", "JavaScript", 23, 0, 0, 0, 0, 0, 0, 0, 0, 0, 3, 3, 29
"d:\Projects\Advenro\Advenro\src\server\utils\error.js", "JavaScript", 70, 0, 0, 0, 0, 0, 0, 0, 0, 0, 5, 11, 86
"d:\Projects\Advenro\Advenro\src\server\utils\payment.js", "JavaScript", 67, 0, 0, 0, 0, 0, 0, 0, 0, 0, 5, 5, 77
"d:\Projects\Advenro\Advenro\src\services\archiveService.js", "JavaScript", 169, 0, 0, 0, 0, 0, 0, 0, 0, 0, 10, 26, 205
"d:\Projects\Advenro\Advenro\src\services\backupService.js", "JavaScript", 171, 0, 0, 0, 0, 0, 0, 0, 0, 0, 6, 21, 198
"d:\Projects\Advenro\Advenro\src\services\bookingComService.js", "JavaScript", 289, 0, 0, 0, 0, 0, 0, 0, 0, 0, 74, 44, 407
"d:\Projects\Advenro\Advenro\src\services\cacheService.js", "JavaScript", 112, 0, 0, 0, 0, 0, 0, 0, 0, 0, 2, 19, 133
"d:\Projects\Advenro\Advenro\src\services\export.service.js", "JavaScript", 78, 0, 0, 0, 0, 0, 0, 0, 0, 0, 1, 18, 97
"d:\Projects\Advenro\Advenro\src\services\exportService.js", "JavaScript", 177, 0, 0, 0, 0, 0, 0, 0, 0, 0, 0, 32, 209
"d:\Projects\Advenro\Advenro\src\services\indexService.js", "JavaScript", 186, 0, 0, 0, 0, 0, 0, 0, 0, 0, 4, 22, 212
"d:\Projects\Advenro\Advenro\src\services\loggingService.js", "JavaScript", 132, 0, 0, 0, 0, 0, 0, 0, 0, 0, 13, 24, 169
"d:\Projects\Advenro\Advenro\src\services\mailerService.js", "JavaScript", 178, 0, 0, 0, 0, 0, 0, 0, 0, 0, 5, 20, 203
"d:\Projects\Advenro\Advenro\src\services\migrationService.js", "JavaScript", 207, 0, 0, 0, 0, 0, 0, 0, 0, 0, 3, 31, 241
"d:\Projects\Advenro\Advenro\src\services\paymentService.js", "JavaScript", 186, 0, 0, 0, 0, 0, 0, 0, 0, 0, 5, 35, 226
"d:\Projects\Advenro\Advenro\src\services\websocketService.js", "JavaScript", 129, 0, 0, 0, 0, 0, 0, 0, 0, 0, 10, 21, 160
"d:\Projects\Advenro\Advenro\src\theme.js", "JavaScript", 90, 0, 0, 0, 0, 0, 0, 0, 0, 0, 0, 2, 92
"d:\Projects\Advenro\Advenro\src\utils\appError.js", "JavaScript", 10, 0, 0, 0, 0, 0, 0, 0, 0, 0, 0, 3, 13
"d:\Projects\Advenro\Advenro\src\utils\appResponse.js", "JavaScript", 37, 0, 0, 0, 0, 0, 0, 0, 0, 0, 30, 5, 72
"d:\Projects\Advenro\Advenro\src\utils\catchAsync.js", "JavaScript", 5, 0, 0, 0, 0, 0, 0, 0, 0, 0, 0, 0, 5
"d:\Projects\Advenro\Advenro\src\utils\email.js", "JavaScript", 21, 0, 0, 0, 0, 0, 0, 0, 0, 0, 3, 4, 28
"d:\Projects\Advenro\Advenro\src\utils\error.js", "JavaScript", 23, 0, 0, 0, 0, 0, 0, 0, 0, 0, 3, 7, 33
"d:\Projects\Advenro\Advenro\src\utils\errorResponse.js", "JavaScript", 10, 0, 0, 0, 0, 0, 0, 0, 0, 0, 0, 2, 12
"d:\Projects\Advenro\Advenro\src\utils\geocoding.js", "JavaScript", 43, 0, 0, 0, 0, 0, 0, 0, 0, 0, 19, 8, 70
"d:\Projects\Advenro\Advenro\src\utils\notifications.js", "JavaScript", 125, 0, 0, 0, 0, 0, 0, 0, 0, 0, 13, 14, 152
"d:\Projects\Advenro\Advenro\src\utils\sendEmail.js", "JavaScript", 24, 0, 0, 0, 0, 0, 0, 0, 0, 0, 17, 7, 48
"d:\Projects\Advenro\Advenro\src\utils\twoFactorAuth.js", "JavaScript", 29, 0, 0, 0, 0, 0, 0, 0, 0, 0, 3, 3, 35
"d:\Projects\Advenro\Advenro\test-booking-proxy.js", "JavaScript", 90, 0, 0, 0, 0, 0, 0, 0, 0, 0, 13, 22, 125
"d:\Projects\Advenro\Advenro\test-mock-server.js", "JavaScript", 103, 0, 0, 0, 0, 0, 0, 0, 0, 0, 10, 22, 135
"d:\Projects\Advenro\Advenro\test\CHANGELOG.md", "Markdown", 0, 0, 26, 0, 0, 0, 0, 0, 0, 0, 0, 5, 31
"d:\Projects\Advenro\Advenro\test\README.md", "Markdown", 0, 0, 99, 0, 0, 0, 0, 0, 0, 0, 0, 44, 143
"d:\Projects\Advenro\Advenro\test\api-connections.js", "JavaScript", 145, 0, 0, 0, 0, 0, 0, 0, 0, 0, 27, 37, 209
"d:\Projects\Advenro\Advenro\test\api-structure.js", "JavaScript", 142, 0, 0, 0, 0, 0, 0, 0, 0, 0, 11, 31, 184
"d:\Projects\Advenro\Advenro\test\basic-test.js", "JavaScript", 11, 0, 0, 0, 0, 0, 0, 0, 0, 0, 4, 4, 19
"d:\Projects\Advenro\Advenro\test\config\setup.js", "JavaScript", 66, 0, 0, 0, 0, 0, 0, 0, 0, 0, 34, 14, 114
"d:\Projects\Advenro\Advenro\test\core-api-test.js", "JavaScript", 75, 0, 0, 0, 0, 0, 0, 0, 0, 0, 8, 10, 93
"d:\Projects\Advenro\Advenro\test\e2e-test.js", "JavaScript", 614, 0, 0, 0, 0, 0, 0, 0, 0, 0, 65, 91, 770
"d:\Projects\Advenro\Advenro\test\frontend-structure.js", "JavaScript", 103, 0, 0, 0, 0, 0, 0, 0, 0, 0, 9, 24, 136
"d:\Projects\Advenro\Advenro\test\helpers\auth-helper.js", "JavaScript", 39, 0, 0, 0, 0, 0, 0, 0, 0, 0, 19, 7, 65
"d:\Projects\Advenro\Advenro\test\helpers\request-helper.js", "JavaScript", 44, 0, 0, 0, 0, 0, 0, 0, 0, 0, 33, 6, 83
"d:\Projects\Advenro\Advenro\test\index.test.js", "JavaScript", 69, 0, 0, 0, 0, 0, 0, 0, 0, 0, 31, 17, 117
"d:\Projects\Advenro\Advenro\test\integration\auth.test.js", "JavaScript", 104, 0, 0, 0, 0, 0, 0, 0, 0, 0, 5, 16, 125
"d:\Projects\Advenro\Advenro\test\integration\middleware\error.integration.test.js", "JavaScript", 217, 0, 0, 0, 0, 0, 0, 0, 0, 0, 21, 43, 281
"d:\Projects\Advenro\Advenro\test\integration\routes\admin.simple.test.js", "JavaScript", 203, 0, 0, 0, 0, 0, 0, 0, 0, 0, 14, 47, 264
"d:\Projects\Advenro\Advenro\test\integration\routes\auth.test.js", "JavaScript", 116, 0, 0, 0, 0, 0, 0, 0, 0, 0, 8, 26, 150
"d:\Projects\Advenro\Advenro\test\integration\routes\booking.test.js", "JavaScript", 228, 0, 0, 0, 0, 0, 0, 0, 0, 0, 15, 50, 293
"d:\Projects\Advenro\Advenro\test\integration\routes\bookingCom.test.js", "JavaScript", 124, 0, 0, 0, 0, 0, 0, 0, 0, 0, 8, 31, 163
"d:\Projects\Advenro\Advenro\test\integration\routes\destination.test.js", "JavaScript", 329, 0, 0, 0, 0, 0, 0, 0, 0, 0, 23, 72, 424
"d:\Projects\Advenro\Advenro\test\integration\routes\destinations.test.js", "JavaScript", 169, 0, 0, 0, 0, 0, 0, 0, 0, 0, 31, 31, 231
"d:\Projects\Advenro\Advenro\test\integration\routes\events.test.js", "JavaScript", 249, 0, 0, 0, 0, 0, 0, 0, 0, 0, 20, 57, 326
"d:\Projects\Advenro\Advenro\test\integration\routes\flights.test.js", "JavaScript", 253, 0, 0, 0, 0, 0, 0, 0, 0, 0, 14, 63, 330
"d:\Projects\Advenro\Advenro\test\integration\routes\hotel.test.js", "JavaScript", 206, 0, 0, 0, 0, 0, 0, 0, 0, 0, 13, 49, 268
"d:\Projects\Advenro\Advenro\test\integration\routes\hotels.test.js", "JavaScript", 205, 0, 0, 0, 0, 0, 0, 0, 0, 0, 32, 36, 273
"d:\Projects\Advenro\Advenro\test\integration\routes\localServices.test.js", "JavaScript", 264, 0, 0, 0, 0, 0, 0, 0, 0, 0, 20, 62, 346
"d:\Projects\Advenro\Advenro\test\integration\routes\restaurants.test.js", "JavaScript", 250, 0, 0, 0, 0, 0, 0, 0, 0, 0, 23, 66, 339
"d:\Projects\Advenro\Advenro\test\integration\routes\review.test.js", "JavaScript", 238, 0, 0, 0, 0, 0, 0, 0, 0, 0, 20, 53, 311
"d:\Projects\Advenro\Advenro\test\integration\routes\search.simple.test.js", "JavaScript", 184, 0, 0, 0, 0, 0, 0, 0, 0, 0, 29, 37, 250
"d:\Projects\Advenro\Advenro\test\integration\routes\search.test.js", "JavaScript", 145, 0, 0, 0, 0, 0, 0, 0, 0, 0, 8, 31, 184
"d:\Projects\Advenro\Advenro\test\integration\routes\tours.test.js", "JavaScript", 243, 0, 0, 0, 0, 0, 0, 0, 0, 0, 15, 62, 320
"d:\Projects\Advenro\Advenro\test\integration\routes\users.test.js", "JavaScript", 145, 0, 0, 0, 0, 0, 0, 0, 0, 0, 8, 40, 193
"d:\Projects\Advenro\Advenro\test\templates\controller.test.template.js", "JavaScript", 155, 0, 0, 0, 0, 0, 0, 0, 0, 0, 73, 46, 274
"d:\Projects\Advenro\Advenro\test\templates\model.test.template.js", "JavaScript", 126, 0, 0, 0, 0, 0, 0, 0, 0, 0, 43, 33, 202
"d:\Projects\Advenro\Advenro\test\unit\README.md", "Markdown", 0, 0, 31, 0, 0, 0, 0, 0, 0, 0, 0, 15, 46
"d:\Projects\Advenro\Advenro\test\unit\controllers\admin.simple.test.js", "JavaScript", 237, 0, 0, 0, 0, 0, 0, 0, 0, 0, 31, 57, 325
"d:\Projects\Advenro\Advenro\test\unit\controllers\adminBooking.simple.test.js", "JavaScript", 381, 0, 0, 0, 0, 0, 0, 0, 0, 0, 41, 80, 502
"d:\Projects\Advenro\Advenro\test\unit\controllers\auth.controller.test.js", "JavaScript", 289, 0, 0, 0, 0, 0, 0, 0, 0, 0, 18, 81, 388
"d:\Projects\Advenro\Advenro\test\unit\controllers\auth.test.js", "JavaScript", 63, 0, 0, 0, 0, 0, 0, 0, 0, 0, 35, 13, 111
"d:\Projects\Advenro\Advenro\test\unit\controllers\basic.controller.test.js", "JavaScript", 74, 0, 0, 0, 0, 0, 0, 0, 0, 0, 9, 9, 92
"d:\Projects\Advenro\Advenro\test\unit\controllers\booking.controller.test.js", "JavaScript", 383, 0, 0, 0, 0, 0, 0, 0, 0, 0, 21, 122, 526
"d:\Projects\Advenro\Advenro\test\unit\controllers\booking.test.js", "JavaScript", 59, 0, 0, 0, 0, 0, 0, 0, 0, 0, 31, 11, 101
"d:\Projects\Advenro\Advenro\test\unit\controllers\bookingCom.test.js", "JavaScript", 158, 0, 0, 0, 0, 0, 0, 0, 0, 0, 73, 47, 278
"d:\Projects\Advenro\Advenro\test\unit\controllers\event.test.js", "JavaScript", 58, 0, 0, 0, 0, 0, 0, 0, 0, 0, 31, 11, 100
"d:\Projects\Advenro\Advenro\test\unit\controllers\eventBooking.simple.test.js", "JavaScript", 291, 0, 0, 0, 0, 0, 0, 0, 0, 0, 6, 66, 363
"d:\Projects\Advenro\Advenro\test\unit\controllers\eventBooking.test.js", "JavaScript", 255, 0, 0, 0, 0, 0, 0, 0, 0, 0, 65, 51, 371
"d:\Projects\Advenro\Advenro\test\unit\controllers\flight.test.js", "JavaScript", 64, 0, 0, 0, 0, 0, 0, 0, 0, 0, 31, 11, 106
"d:\Projects\Advenro\Advenro\test\unit\controllers\hotel.test.js", "JavaScript", 70, 0, 0, 0, 0, 0, 0, 0, 0, 0, 31, 11, 112
"d:\Projects\Advenro\Advenro\test\unit\controllers\localService.test.js", "JavaScript", 155, 0, 0, 0, 0, 0, 0, 0, 0, 0, 73, 46, 274
"d:\Projects\Advenro\Advenro\test\unit\controllers\notification.controller.test.js", "JavaScript", 453, 0, 0, 0, 0, 0, 0, 0, 0, 0, 97, 106, 656
"d:\Projects\Advenro\Advenro\test\unit\controllers\payment.controller.test.js", "JavaScript", 411, 0, 0, 0, 0, 0, 0, 0, 0, 0, 76, 89, 576
"d:\Projects\Advenro\Advenro\test\unit\controllers\restaurant.simple.test.js", "JavaScript", 309, 0, 0, 0, 0, 0, 0, 0, 0, 0, 15, 71, 395
"d:\Projects\Advenro\Advenro\test\unit\controllers\restaurant.test.js", "JavaScript", 216, 0, 0, 0, 0, 0, 0, 0, 0, 0, 57, 51, 324
"d:\Projects\Advenro\Advenro\test\unit\controllers\review.test.js", "JavaScript", 132, 0, 0, 0, 0, 0, 0, 0, 0, 0, 29, 25, 186
"d:\Projects\Advenro\Advenro\test\unit\controllers\search.controller.test.js", "JavaScript", 296, 0, 0, 0, 0, 0, 0, 0, 0, 0, 54, 70, 420
"d:\Projects\Advenro\Advenro\test\unit\controllers\settings.controller.test.js", "JavaScript", 485, 0, 0, 0, 0, 0, 0, 0, 0, 0, 93, 102, 680
"d:\Projects\Advenro\Advenro\test\unit\controllers\tour.test.js", "JavaScript", 70, 0, 0, 0, 0, 0, 0, 0, 0, 0, 18, 11, 99
"d:\Projects\Advenro\Advenro\test\unit\controllers\user.controller.test.js", "JavaScript", 263, 0, 0, 0, 0, 0, 0, 0, 0, 0, 15, 76, 354
"d:\Projects\Advenro\Advenro\test\unit\controllers\user.simple.test.js", "JavaScript", 48, 0, 0, 0, 0, 0, 0, 0, 0, 0, 8, 14, 70
"d:\Projects\Advenro\Advenro\test\unit\controllers\user.test.js", "JavaScript", 75, 0, 0, 0, 0, 0, 0, 0, 0, 0, 38, 17, 130
"d:\Projects\Advenro\Advenro\test\unit\controllers\userProfile.controller.test.js", "JavaScript", 405, 0, 0, 0, 0, 0, 0, 0, 0, 0, 82, 88, 575
"d:\Projects\Advenro\Advenro\test\unit\middleware\admin.simple.test.js", "JavaScript", 46, 0, 0, 0, 0, 0, 0, 0, 0, 0, 4, 16, 66
"d:\Projects\Advenro\Advenro\test\unit\middleware\async.test.js", "JavaScript", 115, 0, 0, 0, 0, 0, 0, 0, 0, 0, 0, 30, 145
"d:\Projects\Advenro\Advenro\test\unit\middleware\auth.simple.test.js", "JavaScript", 61, 0, 0, 0, 0, 0, 0, 0, 0, 0, 7, 17, 85
"d:\Projects\Advenro\Advenro\test\unit\middleware\auth.test.js", "JavaScript", 86, 0, 0, 0, 0, 0, 0, 0, 0, 0, 26, 27, 139
"d:\Projects\Advenro\Advenro\test\unit\middleware\cache.test.js", "JavaScript", 116, 0, 0, 0, 0, 0, 0, 0, 0, 0, 0, 27, 143
"d:\Projects\Advenro\Advenro\test\unit\middleware\error.simple.test.js", "JavaScript", 180, 0, 0, 0, 0, 0, 0, 0, 0, 0, 43, 50, 273
"d:\Projects\Advenro\Advenro\test\unit\middleware\userValidation.test.js", "JavaScript", 152, 0, 0, 0, 0, 0, 0, 0, 0, 0, 0, 39, 191
"d:\Projects\Advenro\Advenro\test\unit\middleware\validation.test.js", "JavaScript", 160, 0, 0, 0, 0, 0, 0, 0, 0, 0, 0, 38, 198
"d:\Projects\Advenro\Advenro\test\unit\middleware\validator.test.js", "JavaScript", 170, 0, 0, 0, 0, 0, 0, 0, 0, 0, 0, 43, 213
"d:\Projects\Advenro\Advenro\test\unit\models\booking.simple.test.js", "JavaScript", 72, 0, 0, 0, 0, 0, 0, 0, 0, 0, 23, 27, 122
"d:\Projects\Advenro\Advenro\test\unit\models\destination.simple.test.js", "JavaScript", 85, 0, 0, 0, 0, 0, 0, 0, 0, 0, 6, 17, 108
"d:\Projects\Advenro\Advenro\test\unit\models\hotel.simple.test.js", "JavaScript", 51, 0, 0, 0, 0, 0, 0, 0, 0, 0, 7, 9, 67
"d:\Projects\Advenro\Advenro\test\unit\models\hotel.test.js", "JavaScript", 141, 0, 0, 0, 0, 0, 0, 0, 0, 0, 12, 25, 178
"d:\Projects\Advenro\Advenro\test\unit\models\review.simple.test.js", "JavaScript", 70, 0, 0, 0, 0, 0, 0, 0, 0, 0, 4, 15, 89
"d:\Projects\Advenro\Advenro\test\unit\models\user.simple.test.js", "JavaScript", 16, 0, 0, 0, 0, 0, 0, 0, 0, 0, 5, 4, 25
"d:\Projects\Advenro\Advenro\test\unit\models\user.test.js", "JavaScript", 109, 0, 0, 0, 0, 0, 0, 0, 0, 0, 12, 22, 143
"d:\Projects\Advenro\Advenro\test\unit\routes\api.simple.test.js", "JavaScript", 219, 0, 0, 0, 0, 0, 0, 0, 0, 0, 11, 53, 283
"d:\Projects\Advenro\Advenro\test\unit\routes\booking.simple.test.js", "JavaScript", 101, 0, 0, 0, 0, 0, 0, 0, 0, 0, 22, 30, 153
"d:\Projects\Advenro\Advenro\test\unit\routes\destination.simple.test.js", "JavaScript", 287, 0, 0, 0, 0, 0, 0, 0, 0, 0, 51, 64, 402
"d:\Projects\Advenro\Advenro\test\unit\routes\review.simple.test.js", "JavaScript", 347, 0, 0, 0, 0, 0, 0, 0, 0, 0, 63, 88, 498
"d:\Projects\Advenro\Advenro\test\unit\services\activity.service.test.js", "JavaScript", 434, 0, 0, 0, 0, 0, 0, 0, 0, 0, 35, 71, 540
"d:\Projects\Advenro\Advenro\test\unit\services\backup.service.test.js", "JavaScript", 211, 0, 0, 0, 0, 0, 0, 0, 0, 0, 1, 41, 253
"d:\Projects\Advenro\Advenro\test\unit\services\cache.service.test.js", "JavaScript", 204, 0, 0, 0, 0, 0, 0, 0, 0, 0, 1, 50, 255
"d:\Projects\Advenro\Advenro\test\unit\services\export.service.isolated.test.js", "JavaScript", 235, 0, 0, 0, 0, 0, 0, 0, 0, 0, 1, 42, 278
"d:\Projects\Advenro\Advenro\test\unit\services\export.service.test.js", "JavaScript", 235, 0, 0, 0, 0, 0, 0, 0, 0, 0, 2, 42, 279
"d:\Projects\Advenro\Advenro\test\unit\services\indexService.test.js", "JavaScript", 251, 0, 0, 0, 0, 0, 0, 0, 0, 0, 63, 53, 367
"d:\Projects\Advenro\Advenro\test\unit\services\logging.service.test.js", "JavaScript", 174, 0, 0, 0, 0, 0, 0, 0, 0, 0, 1, 51, 226
"d:\Projects\Advenro\Advenro\test\unit\services\mailer.service.test.js", "JavaScript", 133, 0, 0, 0, 0, 0, 0, 0, 0, 0, 2, 28, 163
"d:\Projects\Advenro\Advenro\test\unit\services\payment.service.test.js", "JavaScript", 109, 0, 0, 0, 0, 0, 0, 0, 0, 0, 2, 22, 133
"d:\Projects\Advenro\Advenro\test\unit\services\run-isolated-tests.js", "JavaScript", 10, 0, 0, 0, 0, 0, 0, 0, 0, 0, 3, 3, 16
"d:\Projects\Advenro\Advenro\test\unit\services\userProfile.service.test.js", "JavaScript", 312, 0, 0, 0, 0, 0, 0, 0, 0, 0, 27, 68, 407
"d:\Projects\Advenro\Advenro\test\unit\services\websocket.service.test.js", "JavaScript", 155, 0, 0, 0, 0, 0, 0, 0, 0, 0, 1, 40, 196
"d:\Projects\Advenro\Advenro\test\unit\user.model.test.js", "JavaScript", 85, 0, 0, 0, 0, 0, 0, 0, 0, 0, 5, 16, 106
"d:\Projects\Advenro\Advenro\test\utils\auth-utils.js", "JavaScript", 41, 0, 0, 0, 0, 0, 0, 0, 0, 0, 28, 8, 77
"d:\Projects\Advenro\Advenro\test\utils\db-cleaner.js", "JavaScript", 35, 0, 0, 0, 0, 0, 0, 0, 0, 0, 18, 10, 63
"d:\Projects\Advenro\Advenro\test\utils\db-utils.js", "JavaScript", 64, 0, 0, 0, 0, 0, 0, 0, 0, 0, 18, 8, 90
"d:\Projects\Advenro\Advenro\test\utils\dbHelper.js", "JavaScript", 136, 0, 0, 0, 0, 0, 0, 0, 0, 0, 44, 26, 206
"d:\Projects\Advenro\Advenro\test\utils\express-utils.js", "JavaScript", 64, 0, 0, 0, 0, 0, 0, 0, 0, 0, 31, 20, 115
"d:\Projects\Advenro\Advenro\test\utils\request-utils.js", "JavaScript", 33, 0, 0, 0, 0, 0, 0, 0, 0, 0, 80, 14, 127
"d:\Projects\Advenro\Advenro\test\utils\tokenHelper.js", "JavaScript", 42, 0, 0, 0, 0, 0, 0, 0, 0, 0, 26, 5, 73
"Total", "-", 54899, 14252, 2969, 177, 7, 55, 4763, 1139, 14, 22, 10823, 10801, 99921